model_type,train_rmse,test_rmse,train_mae,test_mae,train_r2,test_r2
Autoregressive Regression,12.021554412668568,9.746971952598921,7.062320599448588,5.225415473229609,0.9362672157696542,0.3910747381336893
