model_type,task,best_params,cv_config,train_rmse,test_rmse,train_mae,test_mae,train_r2,test_r2,cv_rmse,feature_importance
XGBoost Regression,regression,"{'learning_rate': 0.05, 'max_depth': 5, 'n_estimators': 500, 'reg_lambda': 10}","{'n_splits': 10, 'n_repeats': 3}",3.654091095416896,31.300511669985642,2.2247802335576914,12.96803085301837,0.9914318161594593,0.6948021289438985,20.894579626038823,"{'city': 0.0001954473409568891, 'year': 0.1657196283340454, 'month': 0.1644296944141388, 'week': 0.11305690556764603, 'day': 0.004807489924132824, 'vegetation_ne': 0.009480084292590618, 'vegetation_nw': 0.10513001680374146, 'vegetation_se': 0.006329465191811323, 'vegetation_sw': 0.052506864070892334, 'satellite_precipiatation': 0.023342305794358253, 'current_precipitation': 0.008995739743113518, 'forecast_precipitation': 0.014634286984801292, 'current_temperature': 0.014560499228537083, 'forecast_mean_temperature': 0.01842483878135681, 'forecast_avg_temperature': 0.011118819937109947, 'current_max_temperature': 0.011025654152035713, 'current_min_temperature': 0.00843093078583479, 'forecast_max_temperature': 0.04726473614573479, 'forecast_min_temperature': 0.12595228850841522, 'current_diurnal_temperature_range': 0.01596360094845295, 'forecast_diurnal_temperature_range': 0.008143016137182713, 'current_specific_humidity': 0.03722772002220154, 'forecast_dew_point_temperature': 0.021936118602752686, 'forecast_relative_humidity': 0.011323769576847553}"
