model_type,train_rmse,test_rmse,train_mae,test_mae,train_r2,test_r2
Lagged 12-Week Average Regression,33.832927787299354,49.41351260353501,17.76746690288584,24.29060141701931,0.265727738486926,0.23966065186642338
