Model,R²,RMSE,MAE
Boosted Tree Regression,0.6948021289438985,31.30051166998564,12.96803085301837
Random Forest Regression,0.6096042512278236,35.40081226871252,15.31851598173516
Elastic Net Regression,0.1752132814300521,51.4554661063746,23.96339061901314
