N_h,N_v,m,sigma_h,gamma_h,mu_v,sigma_v,p_h,p_v,beta_h,beta_v,R0,r2,rmse,mae
821992,1643984.0,2.0,1.4,1.0,0.5,1.0,0.5,0.5,0.5,0.5,0.9660917830792959,-0.49133686533055076,59.656575893899706,34.22689900758108
