city,year_start,year_end,N_h,N_v,m,sigma_h,gamma_h,mu_v,sigma_v,p_h,p_v,beta_h,beta_v,R0,r2,rmse,mae
0,1993,1996,3201000,64020000,20,1.4,1.0,0.5,1.0,0.5,0.5,0.5,0.5,0.9660917830792959,-0.33759615032209345,110.80705229974637,54.701876170745166
