model_type,train_rmse,test_rmse,train_mae,test_mae,train_r2,test_r2
Simple Linear Regression,36.1753366798495,52.66672295456034,18.21054403439762,24.257726009084095,0.16023996994641754,0.13592544062393863
