model_type,train_rmse,test_rmse,train_mae,test_mae,train_r2,test_r2
Simple Linear Regression,36.133432867706794,52.75694954349918,18.23306453498085,24.40749387557961,0.16218432038205677,0.1329623065282134
